{
  "project_info": {
    "project_number": "114675121875",
    "project_id": "clubcartlocal",
    "storage_bucket": "clubcartlocal.appspot.com"
  },
  "client": [
    {
      "client_info": {
        "mobilesdk_app_id": "1:114675121875:android:e52b31e5b2537322c95e26",
        "android_client_info": {
          "package_name": "com.mycompany.clubcartlocal"
        }
      },
      "oauth_client": [
        {
          "client_id": "114675121875-nq8l3k9kepqja481k3aosggf0fsc07q2.apps.googleusercontent.com",
          "client_type": 1,
          "android_info": {
            "package_name": "com.mycompany.clubcartlocal",
            "certificate_hash": "9bbb3186b2189ef16d8f272bdab59362c395cbb4"
          }
        },
        {
          "client_id": "114675121875-lob3rsbr5bjn8meki6n0a27tr06f4toj.apps.googleusercontent.com",
          "client_type": 3
        }
      ],
      "api_key": [
        {
          "current_key": "AIzaSyAVIjrIKQ2RznsHyI66-c14TwJmBXBxso8"
        }
      ],
      "services": {
        "appinvite_service": {
          "other_platform_oauth_client": [
            {
              "client_id": "114675121875-lob3rsbr5bjn8meki6n0a27tr06f4toj.apps.googleusercontent.com",
              "client_type": 3
            },
            {
              "client_id": "114675121875-mfelnev1025i1ecijfpttkrbqcei3fv9.apps.googleusercontent.com",
              "client_type": 2,
              "ios_info": {
                "bundle_id": "com.mycompany.clubcartlocal"
              }
            }
          ]
        }
      }
    }
  ],
  "configuration_version": "1"
}