{
  "indexes": [
    {
      "collectionGroup": "Offers-collection",
      "queryScope": "COLLECTION",
      "fields": [
        {
          "fieldPath": "Vendor_id",
          "order": "ASCENDING"
        },
        {
          "fieldPath": "offer_status",
          "order": "ASCENDING"
        },
        {
          "fieldPath": "offerType",
          "order": "ASCENDING"
        },
        {
          "fieldPath": "Offer_expiry_date",
          "order": "ASCENDING"
        }
      ]
    },
    {
      "collectionGroup": "followedshop",
      "queryScope": "COLLECTION_GROUP",
      "fields": [
        {
          "fieldPath": "user",
          "order": "ASCENDING"
        },
        {
          "fieldPath": "Followed_date",
          "order": "ASCENDING"
        }
      ]
    },
    {
      "collectionGroup": "Offers-collection",
      "queryScope": "COLLECTION",
      "fields": [
        {
          "fieldPath": "Vendor_id",
          "order": "ASCENDING"
        },
        {
          "fieldPath": "offer_status",
          "order": "ASCENDING"
        },
        {
          "fieldPath": "offerType",
          "order": "ASCENDING"
        },
        {
          "fieldPath": "Offer_number",
          "order": "ASCENDING"
        }
      ]
    },
    {
      "collectionGroup": "followedshop",
      "queryScope": "COLLECTION_GROUP",
      "fields": [
        {
          "fieldPath": "User_Id",
          "order": "ASCENDING"
        },
        {
          "fieldPath": "Followed_date",
          "order": "DESCENDING"
        }
      ]
    },
    {
      "collectionGroup": "wishList_offers",
      "queryScope": "COLLECTION_GROUP",
      "fields": [
        {
          "fieldPath": "cust_id",
          "order": "ASCENDING"
        },
        {
          "fieldPath": "wishlisted_offer",
          "order": "DESCENDING"
        }
      ]
    },
    {
      "collectionGroup": "Bookings",
      "queryScope": "COLLECTION",
      "fields": [
        {
          "fieldPath": "opointeeuser",
          "order": "ASCENDING"
        },
        {
          "fieldPath": "Bookingdate",
          "order": "DESCENDING"
        }
      ]
    }
  ],
  "fieldOverrides": [
    {
      "collectionGroup": "Followed_user",
      "fieldPath": "Vend_ref",
      "indexes": [
        {
          "order": "ASCENDING",
          "queryScope": "COLLECTION_GROUP"
        }
      ]
    },
    {
      "collectionGroup": "Reviews",
      "fieldPath": "VendorId",
      "indexes": [
        {
          "order": "ASCENDING",
          "queryScope": "COLLECTION_GROUP"
        }
      ]
    },
    {
      "collectionGroup": "wishList_offers",
      "fieldPath": "Cust_ref",
      "indexes": [
        {
          "order": "ASCENDING",
          "queryScope": "COLLECTION_GROUP"
        }
      ]
    },
    {
      "collectionGroup": "Reviews",
      "fieldPath": "custId",
      "indexes": [
        {
          "order": "ASCENDING",
          "queryScope": "COLLECTION_GROUP"
        }
      ]
    },
    {
      "collectionGroup": "wishList_offers",
      "fieldPath": "cust_id",
      "indexes": [
        {
          "order": "ASCENDING",
          "queryScope": "COLLECTION_GROUP"
        }
      ]
    }
  ]
}